"LeagueNameLong","Position","Club","Points","MatchPlayed","Win","Draw","Lost","GoalScored","Conceded","GoalDiff.","LeagueNameShort","LeagueSeason"
"English Premier League","1","Arsenal",75,33,23,6,4,78,38,40,"EPL","2022/23"
"English Premier League","2","Manchester City",73,31,23,4,4,82,29,53,"EPL","2022/23"
"English Premier League","3","Newcastle United",62,32,17,11,4,58,26,32,"EPL","2022/23"
"English Premier League","4","Manchester United",60,31,18,6,7,48,39,9,"EPL","2022/23"
"English Premier League","5","Tottenham Hotspur",54,33,16,6,11,60,53,7,"EPL","2022/23"
"English Premier League","6","Aston Villa",54,33,16,6,11,46,41,5,"EPL","2022/23"
"English Premier League","7","Liverpool",53,32,15,8,9,61,39,22,"EPL","2022/23"
"English Premier League","8","Brighton & Hove Albion",49,30,14,7,9,55,40,15,"EPL","2022/23"
"English Premier League","9","Brentford",47,33,11,14,8,50,43,7,"EPL","2022/23"
"English Premier League","10","Fulham",45,32,13,6,13,44,43,1,"EPL","2022/23"
"English Premier League","11","Chelsea",39,32,10,9,13,30,35,-5,"EPL","2022/23"
"English Premier League","12","Crystal Palace",37,33,9,10,14,31,42,-11,"EPL","2022/23"
"English Premier League","13","Wolverhampton Wanderers",37,33,10,7,16,29,44,-15,"EPL","2022/23"
"English Premier League","14","AFC Bournemouth",36,33,10,6,17,32,63,-31,"EPL","2022/23"
"English Premier League","15","West Ham United",34,32,9,7,16,34,43,-9,"EPL","2022/23"
"English Premier League","16","Leeds United",30,33,7,9,17,42,63,-21,"EPL","2022/23"
"English Premier League","17","Nottingham Forest",30,33,7,9,17,29,60,-31,"EPL","2022/23"
"English Premier League","18","Leicester City",29,33,8,5,20,44,57,-13,"EPL","2022/23"
"English Premier League","19","Everton",28,33,6,10,17,25,50,-25,"EPL","2022/23"
"English Premier League","20","Southampton",24,33,6,6,21,27,57,-30,"EPL","2022/23"
"Spanish La Liga","1","Barcelona",76,31,24,4,3,55,11,44,"La Liga","2022/23"
"Spanish La Liga","2","Real Madrid",65,31,20,5,6,65,28,37,"La Liga","2022/23"
"Spanish La Liga","3","Atletico Madrid",63,31,19,6,6,50,23,27,"La Liga","2022/23"
"Spanish La Liga","4","Real Sociedad",55,31,16,7,8,39,29,10,"La Liga","2022/23"
"Spanish La Liga","5","Villarreal",50,31,15,5,11,43,32,11,"La Liga","2022/23"
"Spanish La Liga","6","Real Betis",49,31,14,7,10,39,33,6,"La Liga","2022/23"
"Spanish La Liga","7","Athletic Club",46,31,13,7,11,42,31,11,"La Liga","2022/23"
"Spanish La Liga","8","Osasuna",44,31,12,8,11,29,32,-3,"La Liga","2022/23"
"Spanish La Liga","9","Rayo Vallecano",43,31,11,10,10,38,37,1,"La Liga","2022/23"
"Spanish La Liga","10","Girona",41,31,11,8,12,48,45,3,"La Liga","2022/23"
"Spanish La Liga","11","Sevilla",41,31,11,8,12,38,45,-7,"La Liga","2022/23"
"Spanish La Liga","12","Mallorca",40,31,11,7,13,30,34,-4,"La Liga","2022/23"
"Spanish La Liga","13","Celta Vigo",39,31,10,9,12,37,42,-5,"La Liga","2022/23"
"Spanish La Liga","14","Real Valladolid",35,31,10,5,16,27,50,-23,"La Liga","2022/23"
"Spanish La Liga","15","Almería",33,31,9,6,16,38,53,-15,"La Liga","2022/23"
"Spanish La Liga","16","Valencia",33,31,9,6,16,34,37,-3,"La Liga","2022/23"
"Spanish La Liga","17","Cádiz",32,31,7,11,13,23,43,-20,"La Liga","2022/23"
"Spanish La Liga","18","Getafe",31,31,7,10,14,29,41,-12,"La Liga","2022/23"
"Spanish La Liga","19","Espanyol",28,31,6,10,15,37,53,-16,"La Liga","2022/23"
"Spanish La Liga","20","Elche",13,31,2,7,22,20,62,-42,"La Liga","2022/23"
"Italian Serie-A","1","Napoli",78,31,25,3,3,67,21,46,"Serie-A","2022/23"
"Italian Serie-A","2","Lazio",61,31,18,7,6,49,21,28,"Serie-A","2022/23"
"Italian Serie-A","3","Juventus",59,31,18,5,8,47,26,21,"Serie-A","2022/23"
"Italian Serie-A","4","AC Milan",56,31,16,8,7,51,37,14,"Serie-A","2022/23"
"Italian Serie-A","5","AS Roma",56,31,17,5,9,43,29,14,"Serie-A","2022/23"
"Italian Serie-A","6","Internazionale",54,31,17,3,11,51,34,17,"Serie-A","2022/23"
"Italian Serie-A","7","Atalanta",52,31,15,7,9,51,36,15,"Serie-A","2022/23"
"Italian Serie-A","8","Bologna",44,31,12,8,11,40,39,1,"Serie-A","2022/23"
"Italian Serie-A","9","Udinese",42,31,10,12,9,42,39,3,"Serie-A","2022/23"
"Italian Serie-A","10","Fiorentina",42,31,11,9,11,37,36,1,"Serie-A","2022/23"
"Italian Serie-A","11","Torino",42,31,11,9,11,32,36,-4,"Serie-A","2022/23"
"Italian Serie-A","12","Monza",41,31,11,8,12,38,43,-5,"Serie-A","2022/23"
"Italian Serie-A","13","Sassuolo",40,31,11,7,13,38,46,-8,"Serie-A","2022/23"
"Italian Serie-A","14","Salernitana",33,31,7,12,12,37,50,-13,"Serie-A","2022/23"
"Italian Serie-A","15","Empoli",32,31,7,11,13,25,40,-15,"Serie-A","2022/23"
"Italian Serie-A","16","Lecce",28,31,6,10,15,26,38,-12,"Serie-A","2022/23"
"Italian Serie-A","17","Spezia",27,31,5,12,14,26,49,-23,"Serie-A","2022/23"
"Italian Serie-A","18","Hellas Verona",26,31,6,8,17,26,44,-18,"Serie-A","2022/23"
"Italian Serie-A","19","Cremonese",19,31,3,10,18,27,57,-30,"Serie-A","2022/23"
"Italian Serie-A","20","Sampdoria",17,31,3,8,20,20,52,-32,"Serie-A","2022/23"
"German Bundesliga","1","Borussia Dortmund",60,29,19,3,7,66,39,27,"Bundesliga","2022/23"
"German Bundesliga","2","Bayern Munich",59,29,17,8,4,79,33,46,"Bundesliga","2022/23"
"German Bundesliga","3","1. FC Union Berlin",55,29,16,7,6,44,31,13,"Bundesliga","2022/23"
"German Bundesliga","4","SC Freiburg",53,29,15,8,6,45,37,8,"Bundesliga","2022/23"
"German Bundesliga","5","RB Leipzig",51,29,15,6,8,53,37,16,"Bundesliga","2022/23"
"German Bundesliga","6","Bayer Leverkusen",47,29,14,5,10,53,41,12,"Bundesliga","2022/23"
"German Bundesliga","7","Mainz",45,29,12,9,8,49,40,9,"Bundesliga","2022/23"
"German Bundesliga","8","VfL Wolfsburg",43,29,11,10,8,51,37,14,"Bundesliga","2022/23"
"German Bundesliga","9","Eintracht Frankfurt",42,29,11,9,9,49,45,4,"Bundesliga","2022/23"
"German Bundesliga","10","Borussia Monchengladbach",36,29,9,9,11,43,46,-3,"Bundesliga","2022/23"
"German Bundesliga","11","FC Cologne",35,29,8,11,10,40,47,-7,"Bundesliga","2022/23"
"German Bundesliga","12","Werder Bremen",35,29,10,5,14,47,56,-9,"Bundesliga","2022/23"
"German Bundesliga","13","FC Augsburg",30,29,8,6,15,38,54,-16,"Bundesliga","2022/23"
"German Bundesliga","14","TSG Hoffenheim",29,29,8,5,16,39,50,-11,"Bundesliga","2022/23"
"German Bundesliga","15","VfL Bochum",27,29,8,3,18,32,66,-34,"Bundesliga","2022/23"
"German Bundesliga","16","VfB Stuttgart",25,29,5,10,14,36,51,-15,"Bundesliga","2022/23"
"German Bundesliga","17","Schalke 04",24,29,5,9,15,26,56,-30,"Bundesliga","2022/23"
"German Bundesliga","18","Hertha Berlin",22,29,5,7,17,35,59,-24,"Bundesliga","2022/23"
"Dutch Eredivisie","1","Feyenoord Rotterdam",73,30,22,7,1,73,28,45,"Eredivisie","2022/23"
"Dutch Eredivisie","2","PSV Eindhoven",65,30,20,5,5,81,35,46,"Eredivisie","2022/23"
"Dutch Eredivisie","3","Ajax Amsterdam",62,30,18,8,4,79,32,47,"Eredivisie","2022/23"
"Dutch Eredivisie","4","AZ Alkmaar",60,30,18,6,6,59,32,27,"Eredivisie","2022/23"
"Dutch Eredivisie","5","Sparta Rotterdam",53,30,15,8,7,50,33,17,"Eredivisie","2022/23"
"Dutch Eredivisie","6","FC Twente",52,30,14,10,6,51,26,25,"Eredivisie","2022/23"
"Dutch Eredivisie","7","FC Utrecht",45,30,12,9,9,46,45,1,"Eredivisie","2022/23"
"Dutch Eredivisie","8","NEC Nijmegen",38,30,8,14,8,39,34,5,"Eredivisie","2022/23"
"Dutch Eredivisie","9","RKC Waalwijk",38,30,10,8,12,46,52,-6,"Eredivisie","2022/23"
"Dutch Eredivisie","10","Heerenveen",38,30,10,8,12,36,45,-9,"Eredivisie","2022/23"
"Dutch Eredivisie","11","Go Ahead Eagles",36,30,9,9,12,42,50,-8,"Eredivisie","2022/23"
"Dutch Eredivisie","12","Fortuna Sittard",32,30,9,5,16,35,56,-21,"Eredivisie","2022/23"
"Dutch Eredivisie","13","Vitesse",31,30,7,10,13,36,48,-12,"Eredivisie","2022/23"
"Dutch Eredivisie","14","FC Volendam",30,30,8,6,16,36,61,-25,"Eredivisie","2022/23"
"Dutch Eredivisie","15","FC Emmen",28,30,6,10,14,29,51,-22,"Eredivisie","2022/23"
"Dutch Eredivisie","16","Excelsior",28,30,8,4,18,27,66,-39,"Eredivisie","2022/23"
"Dutch Eredivisie","17","FC Groningen",17,30,4,5,21,28,60,-32,"Eredivisie","2022/23"
"Dutch Eredivisie","18","SC Cambuur",16,30,4,4,22,21,60,-39,"Eredivisie","2022/23"
"French Ligue 1","1","Paris Saint-Germain",75,32,24,3,5,75,31,44,"Ligue-1","2022/23"
"French Ligue 1","2","Marseille",67,32,20,7,5,59,31,28,"Ligue-1","2022/23"
"French Ligue 1","3","Lens",66,32,19,9,4,54,25,29,"Ligue-1","2022/23"
"French Ligue 1","4","AS Monaco",61,32,18,7,7,66,46,20,"Ligue-1","2022/23"
"French Ligue 1","5","Lille",56,32,16,8,8,57,40,17,"Ligue-1","2022/23"
"French Ligue 1","6","Stade Rennais",53,32,16,5,11,51,34,17,"Ligue-1","2022/23"
"French Ligue 1","7","Lyon",50,32,14,8,10,50,36,14,"Ligue-1","2022/23"
"French Ligue 1","8","Stade de Reims",47,32,11,14,7,40,34,6,"Ligue-1","2022/23"
"French Ligue 1","9","Clermont Foot",46,32,13,7,12,35,43,-8,"Ligue-1","2022/23"
"French Ligue 1","10","Nice",45,32,11,12,9,39,31,8,"Ligue-1","2022/23"
"French Ligue 1","11","Lorient",45,32,12,9,11,43,44,-1,"Ligue-1","2022/23"
"French Ligue 1","12","Toulouse",41,32,12,5,15,48,54,-6,"Ligue-1","2022/23"
"French Ligue 1","13","Montpellier",40,32,12,4,16,48,52,-4,"Ligue-1","2022/23"
"French Ligue 1","14","AJ Auxerre",33,32,8,9,15,30,53,-23,"Ligue-1","2022/23"
"French Ligue 1","15","Strasbourg",32,32,7,11,14,43,53,-10,"Ligue-1","2022/23"
"French Ligue 1","16","Nantes",32,32,6,14,12,35,46,-11,"Ligue-1","2022/23"
"French Ligue 1","17","Brest",32,32,7,11,14,35,48,-13,"Ligue-1","2022/23"
"French Ligue 1","18","Troyes",22,32,4,10,18,41,69,-28,"Ligue-1","2022/23"
"French Ligue 1","19","AC Ajaccio",22,32,6,4,22,22,58,-36,"Ligue-1","2022/23"
"French Ligue 1","20","Angers",14,32,3,5,24,25,68,-43,"Ligue-1","2022/23"
"Portuguese Primeira Liga","1","Benfica",74,29,24,2,3,69,17,52,"Primeira Liga","2022/23"
"Portuguese Primeira Liga","2","FC Porto",70,29,22,4,3,62,19,43,"Primeira Liga","2022/23"
"Portuguese Primeira Liga","3","Braga",68,29,22,2,5,62,24,38,"Primeira Liga","2022/23"
"Portuguese Primeira Liga","4","Sporting CP",61,29,19,4,6,59,27,32,"Primeira Liga","2022/23"
"Portuguese Primeira Liga","5","Arouca",48,29,13,9,7,33,33,0,"Primeira Liga","2022/23"
"Portuguese Primeira Liga","6","FC Famalicao",42,29,13,3,13,33,37,-4,"Primeira Liga","2022/23"
"Portuguese Primeira Liga","7","Guimaraes",41,29,12,5,12,27,35,-8,"Primeira Liga","2022/23"
"Portuguese Primeira Liga","8","Vizela",39,29,11,6,12,32,30,2,"Primeira Liga","2022/23"
"Portuguese Primeira Liga","9","Casa Pia",39,29,11,6,12,27,33,-6,"Primeira Liga","2022/23"
"Portuguese Primeira Liga","10","GD Chaves",37,29,9,10,10,29,34,-5,"Primeira Liga","2022/23"
"Portuguese Primeira Liga","11","Boavista",37,29,10,7,12,36,48,-12,"Primeira Liga","2022/23"
"Portuguese Primeira Liga","12","Rio Ave",35,29,9,8,12,30,35,-5,"Primeira Liga","2022/23"
"Portuguese Primeira Liga","13","Portimonense",33,29,10,3,16,22,35,-13,"Primeira Liga","2022/23"
"Portuguese Primeira Liga","14","Gil Vicente",31,29,8,7,14,26,34,-8,"Primeira Liga","2022/23"
"Portuguese Primeira Liga","15","Estoril",25,29,7,4,18,23,45,-22,"Primeira Liga","2022/23"
"Portuguese Primeira Liga","16","Maritimo",22,29,6,4,19,26,54,-28,"Primeira Liga","2022/23"
"Portuguese Primeira Liga","17","Paços de Ferreira",17,29,4,5,20,21,51,-30,"Primeira Liga","2022/23"
"Portuguese Primeira Liga","18","Santa Clara",16,29,3,7,19,19,45,-26,"Primeira Liga","2022/23"
