"Club","LeagueNameLong","Position","Points","MatchPlayed","Win","Draw","Lost","GoalScored","Conceded","GoalDiff.","LeagueNameShort","LeagueSeason","totalShots","max_points","point_ratio","points_per_match","points_per_match_category"
"1. FC Union Berlin","German Bundesliga",3,55,29,16,7,6,44,31,13,"Bundesliga","2022/23",0,87,36.7816091954023,1.89655172413793,"Medium"
"AC Ajaccio","French Ligue 1",19,22,32,6,4,22,22,58,-36,"Ligue-1","2022/23",0,96,77.0833333333333,0.6875,"Low"
"AC Milan","Italian Serie-A",4,56,31,16,8,7,51,37,14,"Serie-A","2022/23",445,93,39.7849462365591,1.80645161290323,"Medium"
"AFC Bournemouth","English Premier League",14,36,33,10,6,17,32,63,-31,"EPL","2022/23",0,99,63.6363636363636,1.09090909090909,"Low"
"AJ Auxerre","French Ligue 1",14,33,32,8,9,15,30,53,-23,"Ligue-1","2022/23",0,96,65.625,1.03125,"Low"
"Ajax Amsterdam","Dutch Eredivisie",3,62,30,18,8,4,79,32,47,"Eredivisie","2022/23",514,90,31.1111111111111,2.06666666666667,"Medium"
"Almería","Spanish La Liga",15,33,31,9,6,16,38,53,-15,"La Liga","2022/23",0,93,64.5161290322581,1.06451612903226,"Low"
"Angers","French Ligue 1",20,14,32,3,5,24,25,68,-43,"Ligue-1","2022/23",0,96,85.4166666666667,0.4375,"Low"
"Arouca","Portuguese Primeira Liga",5,48,29,13,9,7,33,33,0,"Primeira Liga","2022/23",0,87,44.8275862068966,1.6551724137931,"Medium"
"Arsenal","English Premier League",1,75,33,23,6,4,78,38,40,"EPL","2022/23",562,99,24.2424242424242,2.27272727272727,"Medium"
"AS Monaco","French Ligue 1",4,61,32,18,7,7,66,46,20,"Ligue-1","2022/23",0,96,36.4583333333333,1.90625,"Medium"
"AS Roma","Italian Serie-A",5,56,31,17,5,9,43,29,14,"Serie-A","2022/23",347,93,39.7849462365591,1.80645161290323,"Medium"
"Aston Villa","English Premier League",6,54,33,16,6,11,46,41,5,"EPL","2022/23",0,99,45.4545454545455,1.63636363636364,"Medium"
"Atalanta","Italian Serie-A",7,52,31,15,7,9,51,36,15,"Serie-A","2022/23",0,93,44.0860215053763,1.67741935483871,"Medium"
"Athletic Club","Spanish La Liga",7,46,31,13,7,11,42,31,11,"La Liga","2022/23",0,93,50.5376344086022,1.48387096774194,"Low"
"Atletico Madrid","Spanish La Liga",3,63,31,19,6,6,50,23,27,"La Liga","2022/23",418,93,32.258064516129,2.03225806451613,"Medium"
"AZ Alkmaar","Dutch Eredivisie",4,60,30,18,6,6,59,32,27,"Eredivisie","2022/23",0,90,33.3333333333333,2,"Medium"
"Barcelona","Spanish La Liga",1,76,31,24,4,3,55,11,44,"La Liga","2022/23",440,93,18.2795698924731,2.45161290322581,"Medium"
"Bayer Leverkusen","German Bundesliga",6,47,29,14,5,10,53,41,12,"Bundesliga","2022/23",372,87,45.9770114942529,1.62068965517241,"Medium"
"Bayern Munich","German Bundesliga",2,59,29,17,8,4,79,33,46,"Bundesliga","2022/23",513,87,32.183908045977,2.03448275862069,"Medium"
"Benfica","Portuguese Primeira Liga",1,74,29,24,2,3,69,17,52,"Primeira Liga","2022/23",434,87,14.9425287356322,2.55172413793103,"High"
"Boavista","Portuguese Primeira Liga",11,37,29,10,7,12,36,48,-12,"Primeira Liga","2022/23",0,87,57.4712643678161,1.27586206896552,"Low"
"Bologna","Italian Serie-A",8,44,31,12,8,11,40,39,1,"Serie-A","2022/23",0,93,52.6881720430108,1.41935483870968,"Low"
"Borussia Dortmund","German Bundesliga",1,60,29,19,3,7,66,39,27,"Bundesliga","2022/23",429,87,31.0344827586207,2.06896551724138,"Medium"
"Borussia Monchengladbach","German Bundesliga",10,36,29,9,9,11,43,46,-3,"Bundesliga","2022/23",0,87,58.6206896551724,1.24137931034483,"Low"
"Braga","Portuguese Primeira Liga",3,68,29,22,2,5,62,24,38,"Primeira Liga","2022/23",0,87,21.8390804597701,2.3448275862069,"Medium"
"Brentford","English Premier League",9,47,33,11,14,8,50,43,7,"EPL","2022/23",0,99,52.5252525252525,1.42424242424242,"Low"
"Brest","French Ligue 1",17,32,32,7,11,14,35,48,-13,"Ligue-1","2022/23",0,96,66.6666666666667,1,"Low"
"Brighton & Hove Albion","English Premier League",8,49,30,14,7,9,55,40,15,"EPL","2022/23",0,90,45.5555555555556,1.63333333333333,"Medium"
"Cádiz","Spanish La Liga",17,32,31,7,11,13,23,43,-20,"La Liga","2022/23",0,93,65.5913978494624,1.03225806451613,"Low"
"Casa Pia","Portuguese Primeira Liga",9,39,29,11,6,12,27,33,-6,"Primeira Liga","2022/23",0,87,55.1724137931034,1.3448275862069,"Low"
"Celta Vigo","Spanish La Liga",13,39,31,10,9,12,37,42,-5,"La Liga","2022/23",0,93,58.0645161290323,1.25806451612903,"Low"
"Chelsea","English Premier League",11,39,32,10,9,13,30,35,-5,"EPL","2022/23",390,96,59.375,1.21875,"Low"
"Clermont Foot","French Ligue 1",9,46,32,13,7,12,35,43,-8,"Ligue-1","2022/23",0,96,52.0833333333333,1.4375,"Low"
"Cremonese","Italian Serie-A",19,19,31,3,10,18,27,57,-30,"Serie-A","2022/23",0,93,79.5698924731183,0.612903225806452,"Low"
"Crystal Palace","English Premier League",12,37,33,9,10,14,31,42,-11,"EPL","2022/23",0,99,62.6262626262626,1.12121212121212,"Low"
"Eintracht Frankfurt","German Bundesliga",9,42,29,11,9,9,49,45,4,"Bundesliga","2022/23",0,87,51.7241379310345,1.44827586206897,"Low"
"Elche","Spanish La Liga",20,13,31,2,7,22,20,62,-42,"La Liga","2022/23",0,93,86.0215053763441,0.419354838709677,"Low"
"Empoli","Italian Serie-A",15,32,31,7,11,13,25,40,-15,"Serie-A","2022/23",0,93,65.5913978494624,1.03225806451613,"Low"
"Espanyol","Spanish La Liga",19,28,31,6,10,15,37,53,-16,"La Liga","2022/23",0,93,69.8924731182796,0.903225806451613,"Low"
"Estoril","Portuguese Primeira Liga",15,25,29,7,4,18,23,45,-22,"Primeira Liga","2022/23",0,87,71.264367816092,0.862068965517241,"Low"
"Everton","English Premier League",19,28,33,6,10,17,25,50,-25,"EPL","2022/23",0,99,71.7171717171717,0.848484848484849,"Low"
"Excelsior","Dutch Eredivisie",16,28,30,8,4,18,27,66,-39,"Eredivisie","2022/23",0,90,68.8888888888889,0.933333333333333,"Low"
"FC Augsburg","German Bundesliga",13,30,29,8,6,15,38,54,-16,"Bundesliga","2022/23",0,87,65.5172413793103,1.03448275862069,"Low"
"FC Cologne","German Bundesliga",11,35,29,8,11,10,40,47,-7,"Bundesliga","2022/23",0,87,59.7701149425287,1.20689655172414,"Low"
"FC Emmen","Dutch Eredivisie",15,28,30,6,10,14,29,51,-22,"Eredivisie","2022/23",0,90,68.8888888888889,0.933333333333333,"Low"
"FC Famalicao","Portuguese Primeira Liga",6,42,29,13,3,13,33,37,-4,"Primeira Liga","2022/23",0,87,51.7241379310345,1.44827586206897,"Low"
"FC Groningen","Dutch Eredivisie",17,17,30,4,5,21,28,60,-32,"Eredivisie","2022/23",0,90,81.1111111111111,0.566666666666667,"Low"
"FC Porto","Portuguese Primeira Liga",2,70,29,22,4,3,62,19,43,"Primeira Liga","2022/23",426,87,19.5402298850575,2.41379310344828,"Medium"
"FC Twente","Dutch Eredivisie",6,52,30,14,10,6,51,26,25,"Eredivisie","2022/23",0,90,42.2222222222222,1.73333333333333,"Medium"
"FC Utrecht","Dutch Eredivisie",7,45,30,12,9,9,46,45,1,"Eredivisie","2022/23",0,90,50,1.5,"Low"
"FC Volendam","Dutch Eredivisie",14,30,30,8,6,16,36,61,-25,"Eredivisie","2022/23",0,90,66.6666666666667,1,"Low"
"Feyenoord Rotterdam","Dutch Eredivisie",1,73,30,22,7,1,73,28,45,"Eredivisie","2022/23",0,90,18.8888888888889,2.43333333333333,"Medium"
"Fiorentina","Italian Serie-A",10,42,31,11,9,11,37,36,1,"Serie-A","2022/23",0,93,54.8387096774194,1.35483870967742,"Low"
"Fortuna Sittard","Dutch Eredivisie",12,32,30,9,5,16,35,56,-21,"Eredivisie","2022/23",0,90,64.4444444444444,1.06666666666667,"Low"
"Fulham","English Premier League",10,45,32,13,6,13,44,43,1,"EPL","2022/23",0,96,53.125,1.40625,"Low"
"GD Chaves","Portuguese Primeira Liga",10,37,29,9,10,10,29,34,-5,"Primeira Liga","2022/23",0,87,57.4712643678161,1.27586206896552,"Low"
"Getafe","Spanish La Liga",18,31,31,7,10,14,29,41,-12,"La Liga","2022/23",0,93,66.6666666666667,1,"Low"
"Gil Vicente","Portuguese Primeira Liga",14,31,29,8,7,14,26,34,-8,"Primeira Liga","2022/23",0,87,64.367816091954,1.06896551724138,"Low"
"Girona","Spanish La Liga",10,41,31,11,8,12,48,45,3,"La Liga","2022/23",0,93,55.9139784946236,1.32258064516129,"Low"
"Go Ahead Eagles","Dutch Eredivisie",11,36,30,9,9,12,42,50,-8,"Eredivisie","2022/23",0,90,60,1.2,"Low"
"Guimaraes","Portuguese Primeira Liga",7,41,29,12,5,12,27,35,-8,"Primeira Liga","2022/23",0,87,52.8735632183908,1.41379310344828,"Low"
"Heerenveen","Dutch Eredivisie",10,38,30,10,8,12,36,45,-9,"Eredivisie","2022/23",0,90,57.7777777777778,1.26666666666667,"Low"
"Hellas Verona","Italian Serie-A",18,26,31,6,8,17,26,44,-18,"Serie-A","2022/23",0,93,72.0430107526882,0.838709677419355,"Low"
"Hertha Berlin","German Bundesliga",18,22,29,5,7,17,35,59,-24,"Bundesliga","2022/23",0,87,74.7126436781609,0.758620689655172,"Low"
"Internazionale","Italian Serie-A",6,54,31,17,3,11,51,34,17,"Serie-A","2022/23",502,93,41.9354838709677,1.74193548387097,"Medium"
"Juventus","Italian Serie-A",3,59,31,18,5,8,47,26,21,"Serie-A","2022/23",395,93,36.5591397849462,1.90322580645161,"Medium"
"Lazio","Italian Serie-A",2,61,31,18,7,6,49,21,28,"Serie-A","2022/23",0,93,34.4086021505376,1.96774193548387,"Medium"
"Lecce","Italian Serie-A",16,28,31,6,10,15,26,38,-12,"Serie-A","2022/23",0,93,69.8924731182796,0.903225806451613,"Low"
"Leeds United","English Premier League",16,30,33,7,9,17,42,63,-21,"EPL","2022/23",0,99,69.6969696969697,0.909090909090909,"Low"
"Leicester City","English Premier League",18,29,33,8,5,20,44,57,-13,"EPL","2022/23",0,99,70.7070707070707,0.878787878787879,"Low"
"Lens","French Ligue 1",3,66,32,19,9,4,54,25,29,"Ligue-1","2022/23",0,96,31.25,2.0625,"Medium"
"Lille","French Ligue 1",5,56,32,16,8,8,57,40,17,"Ligue-1","2022/23",0,96,41.6666666666667,1.75,"Medium"
"Liverpool","English Premier League",7,53,32,15,8,9,61,39,22,"EPL","2022/23",486,96,44.7916666666667,1.65625,"Medium"
"Lorient","French Ligue 1",11,45,32,12,9,11,43,44,-1,"Ligue-1","2022/23",0,96,53.125,1.40625,"Low"
"Lyon","French Ligue 1",7,50,32,14,8,10,50,36,14,"Ligue-1","2022/23",311,96,47.9166666666667,1.5625,"Medium"
"Mainz","German Bundesliga",7,45,29,12,9,8,49,40,9,"Bundesliga","2022/23",0,87,48.2758620689655,1.55172413793103,"Medium"
"Mallorca","Spanish La Liga",12,40,31,11,7,13,30,34,-4,"La Liga","2022/23",0,93,56.989247311828,1.29032258064516,"Low"
"Manchester City","English Premier League",2,73,31,23,4,4,82,29,53,"EPL","2022/23",472,93,21.505376344086,2.35483870967742,"Medium"
"Manchester United","English Premier League",4,60,31,18,6,7,48,39,9,"EPL","2022/23",424,93,35.4838709677419,1.93548387096774,"Medium"
"Maritimo","Portuguese Primeira Liga",16,22,29,6,4,19,26,54,-28,"Primeira Liga","2022/23",0,87,74.7126436781609,0.758620689655172,"Low"
"Marseille","French Ligue 1",2,67,32,20,7,5,59,31,28,"Ligue-1","2022/23",435,96,30.2083333333333,2.09375,"Medium"
"Montpellier","French Ligue 1",13,40,32,12,4,16,48,52,-4,"Ligue-1","2022/23",0,96,58.3333333333333,1.25,"Low"
"Monza","Italian Serie-A",12,41,31,11,8,12,38,43,-5,"Serie-A","2022/23",0,93,55.9139784946236,1.32258064516129,"Low"
"Nantes","French Ligue 1",16,32,32,6,14,12,35,46,-11,"Ligue-1","2022/23",0,96,66.6666666666667,1,"Low"
"Napoli","Italian Serie-A",1,78,31,25,3,3,67,21,46,"Serie-A","2022/23",485,93,16.1290322580645,2.51612903225806,"High"
"NEC Nijmegen","Dutch Eredivisie",8,38,30,8,14,8,39,34,5,"Eredivisie","2022/23",0,90,57.7777777777778,1.26666666666667,"Low"
"Newcastle United","English Premier League",3,62,32,17,11,4,58,26,32,"EPL","2022/23",456,96,35.4166666666667,1.9375,"Medium"
"Nice","French Ligue 1",10,45,32,11,12,9,39,31,8,"Ligue-1","2022/23",0,96,53.125,1.40625,"Low"
"Nottingham Forest","English Premier League",17,30,33,7,9,17,29,60,-31,"EPL","2022/23",0,99,69.6969696969697,0.909090909090909,"Low"
"Osasuna","Spanish La Liga",8,44,31,12,8,11,29,32,-3,"La Liga","2022/23",0,93,52.6881720430108,1.41935483870968,"Low"
"Paços de Ferreira","Portuguese Primeira Liga",17,17,29,4,5,20,21,51,-30,"Primeira Liga","2022/23",0,87,80.4597701149425,0.586206896551724,"Low"
"Paris Saint-Germain","French Ligue 1",1,75,32,24,3,5,75,31,44,"Ligue-1","2022/23",460,96,21.875,2.34375,"Medium"
"Portimonense","Portuguese Primeira Liga",13,33,29,10,3,16,22,35,-13,"Primeira Liga","2022/23",0,87,62.0689655172414,1.13793103448276,"Low"
"PSV Eindhoven","Dutch Eredivisie",2,65,30,20,5,5,81,35,46,"Eredivisie","2022/23",0,90,27.7777777777778,2.16666666666667,"Medium"
"Rayo Vallecano","Spanish La Liga",9,43,31,11,10,10,38,37,1,"La Liga","2022/23",0,93,53.763440860215,1.38709677419355,"Low"
"RB Leipzig","German Bundesliga",5,51,29,15,6,8,53,37,16,"Bundesliga","2022/23",416,87,41.3793103448276,1.75862068965517,"Medium"
"Real Betis","Spanish La Liga",6,49,31,14,7,10,39,33,6,"La Liga","2022/23",333,93,47.3118279569892,1.58064516129032,"Medium"
"Real Madrid","Spanish La Liga",2,65,31,20,5,6,65,28,37,"La Liga","2022/23",550,93,30.1075268817204,2.09677419354839,"Medium"
"Real Sociedad","Spanish La Liga",4,55,31,16,7,8,39,29,10,"La Liga","2022/23",368,93,40.8602150537634,1.7741935483871,"Medium"
"Real Valladolid","Spanish La Liga",14,35,31,10,5,16,27,50,-23,"La Liga","2022/23",0,93,62.3655913978495,1.12903225806452,"Low"
"Rio Ave","Portuguese Primeira Liga",12,35,29,9,8,12,30,35,-5,"Primeira Liga","2022/23",0,87,59.7701149425287,1.20689655172414,"Low"
"RKC Waalwijk","Dutch Eredivisie",9,38,30,10,8,12,46,52,-6,"Eredivisie","2022/23",0,90,57.7777777777778,1.26666666666667,"Low"
"Salernitana","Italian Serie-A",14,33,31,7,12,12,37,50,-13,"Serie-A","2022/23",0,93,64.5161290322581,1.06451612903226,"Low"
"Sampdoria","Italian Serie-A",20,17,31,3,8,20,20,52,-32,"Serie-A","2022/23",0,93,81.7204301075269,0.548387096774194,"Low"
"Santa Clara","Portuguese Primeira Liga",18,16,29,3,7,19,19,45,-26,"Primeira Liga","2022/23",0,87,81.6091954022989,0.551724137931034,"Low"
"Sassuolo","Italian Serie-A",13,40,31,11,7,13,38,46,-8,"Serie-A","2022/23",0,93,56.989247311828,1.29032258064516,"Low"
"SC Cambuur","Dutch Eredivisie",18,16,30,4,4,22,21,60,-39,"Eredivisie","2022/23",0,90,82.2222222222222,0.533333333333333,"Low"
"SC Freiburg","German Bundesliga",4,53,29,15,8,6,45,37,8,"Bundesliga","2022/23",0,87,39.0804597701149,1.82758620689655,"Medium"
"Schalke 04","German Bundesliga",17,24,29,5,9,15,26,56,-30,"Bundesliga","2022/23",0,87,72.4137931034483,0.827586206896552,"Low"
"Sevilla","Spanish La Liga",11,41,31,11,8,12,38,45,-7,"La Liga","2022/23",0,93,55.9139784946236,1.32258064516129,"Low"
"Southampton","English Premier League",20,24,33,6,6,21,27,57,-30,"EPL","2022/23",0,99,75.7575757575758,0.727272727272727,"Low"
"Sparta Rotterdam","Dutch Eredivisie",5,53,30,15,8,7,50,33,17,"Eredivisie","2022/23",0,90,41.1111111111111,1.76666666666667,"Medium"
"Spezia","Italian Serie-A",17,27,31,5,12,14,26,49,-23,"Serie-A","2022/23",0,93,70.9677419354839,0.870967741935484,"Low"
"Sporting CP","Portuguese Primeira Liga",4,61,29,19,4,6,59,27,32,"Primeira Liga","2022/23",0,87,29.8850574712644,2.10344827586207,"Medium"
"Stade de Reims","French Ligue 1",8,47,32,11,14,7,40,34,6,"Ligue-1","2022/23",0,96,51.0416666666667,1.46875,"Low"
"Stade Rennais","French Ligue 1",6,53,32,16,5,11,51,34,17,"Ligue-1","2022/23",0,96,44.7916666666667,1.65625,"Medium"
"Strasbourg","French Ligue 1",15,32,32,7,11,14,43,53,-10,"Ligue-1","2022/23",0,96,66.6666666666667,1,"Low"
"Torino","Italian Serie-A",11,42,31,11,9,11,32,36,-4,"Serie-A","2022/23",0,93,54.8387096774194,1.35483870967742,"Low"
"Tottenham Hotspur","English Premier League",5,54,33,16,6,11,60,53,7,"EPL","2022/23",435,99,45.4545454545455,1.63636363636364,"Medium"
"Toulouse","French Ligue 1",12,41,32,12,5,15,48,54,-6,"Ligue-1","2022/23",0,96,57.2916666666667,1.28125,"Low"
"Troyes","French Ligue 1",18,22,32,4,10,18,41,69,-28,"Ligue-1","2022/23",0,96,77.0833333333333,0.6875,"Low"
"TSG Hoffenheim","German Bundesliga",14,29,29,8,5,16,39,50,-11,"Bundesliga","2022/23",0,87,66.6666666666667,1,"Low"
"Udinese","Italian Serie-A",9,42,31,10,12,9,42,39,3,"Serie-A","2022/23",0,93,54.8387096774194,1.35483870967742,"Low"
"Valencia","Spanish La Liga",16,33,31,9,6,16,34,37,-3,"La Liga","2022/23",0,93,64.5161290322581,1.06451612903226,"Low"
"VfB Stuttgart","German Bundesliga",16,25,29,5,10,14,36,51,-15,"Bundesliga","2022/23",0,87,71.264367816092,0.862068965517241,"Low"
"VfL Bochum","German Bundesliga",15,27,29,8,3,18,32,66,-34,"Bundesliga","2022/23",0,87,68.9655172413793,0.931034482758621,"Low"
"VfL Wolfsburg","German Bundesliga",8,43,29,11,10,8,51,37,14,"Bundesliga","2022/23",0,87,50.5747126436782,1.48275862068966,"Low"
"Villarreal","Spanish La Liga",5,50,31,15,5,11,43,32,11,"La Liga","2022/23",0,93,46.2365591397849,1.61290322580645,"Medium"
"Vitesse","Dutch Eredivisie",13,31,30,7,10,13,36,48,-12,"Eredivisie","2022/23",0,90,65.5555555555556,1.03333333333333,"Low"
"Vizela","Portuguese Primeira Liga",8,39,29,11,6,12,32,30,2,"Primeira Liga","2022/23",0,87,55.1724137931034,1.3448275862069,"Low"
"Werder Bremen","German Bundesliga",12,35,29,10,5,14,47,56,-9,"Bundesliga","2022/23",0,87,59.7701149425287,1.20689655172414,"Low"
"West Ham United","English Premier League",15,34,32,9,7,16,34,43,-9,"EPL","2022/23",0,96,64.5833333333333,1.0625,"Low"
"Wolverhampton Wanderers","English Premier League",13,37,33,10,7,16,29,44,-15,"EPL","2022/23",0,99,62.6262626262626,1.12121212121212,"Low"
