"LeagueNameLong","Player","Club","NationalTeam","Appearance","TotalGoals","TotalAssists","ShotsOnTarget"
"English Premier League","Erling Haaland","Manchester City","Norway","29",33,7,53
"English Premier League","Harry Kane","Tottenham Hotspur","England","33",24,3,49
"French Ligue 1","Kylian Mbappé","Paris Saint-Germain","France","28",22,5,61
"Italian Serie-A","Victor Osimhen","Napoli","Nigeria","25",21,4,39
"French Ligue 1","Alexandre Lacazette","Lyon","France","29",20,4,40
"Portuguese Primeira Liga","João Mário","Benfica","Portugal","28",18,10,29
"Spanish La Liga","Robert Lewandowski","Barcelona","Poland","27",18,6,43
"Portuguese Primeira Liga","Goncalo Ramos","Benfica","Portugal","25",17,2,32
"English Premier League","Marcus Rashford","Manchester United","England","30",16,5,36
"English Premier League","Mohamed Salah","Liverpool","Egypt","32",16,8,37
"English Premier League","Gabriel Martinelli","Arsenal","Brazil","33",15,5,27
"French Ligue 1","Lionel Messi","Paris Saint-Germain","Argentina","27",15,15,44
"Italian Serie-A","Lautaro Martínez","Internazionale","Argentina","31",15,3,40
"Portuguese Primeira Liga","Mehdi Taremi","FC Porto","Iran","28",15,6,33
"Spanish La Liga","Karim Benzema","Real Madrid","France","20",14,3,33
"French Ligue 1","Neymar","Paris Saint-Germain","Brazil","20",13,11,17
"French Ligue 1","Alexis Sánchez","Marseille","Chile","29",12,2,24
"German Bundesliga","Christopher Nkunku","RB Leipzig","France","20",12,1,18
"Italian Serie-A","Khvicha Kvaratskhelia","Napoli","Georgia","27",12,10,26
"Italian Serie-A","Rafael Leão","AC Milan","Portugal","29",12,6,25
"Spanish La Liga","Borja Iglesias","Real Betis","Spain","29",12,3,22
"Dutch Eredivisie","Brian Brobbey","Ajax Amsterdam","Netherlands","28",11,2,22
"Dutch Eredivisie","Mohammed Kudus","Ajax Amsterdam","Ghana","26",11,2,22
"Dutch Eredivisie","Steven Bergwijn","Ajax Amsterdam","Netherlands","28",11,5,29
"German Bundesliga","Jamal Musiala","Bayern Munich","Germany","28",11,9,19
"Italian Serie-A","Paulo Dybala","AS Roma","Argentina","23",11,6,17
"Spanish La Liga","Antoine Griezmann","Atletico Madrid","France","31",11,10,33
"Spanish La Liga","Álvaro Morata","Atletico Madrid","Spain","31",11,2,25
"German Bundesliga","Eric Maxim Choupo-Moting","Bayern Munich","Cameroon","18",10,2,15
"Dutch Eredivisie","Dusan Tadic","Ajax Amsterdam","Serbia","30",9,19,14
"Dutch Eredivisie","Steven Berghuis","Ajax Amsterdam","Netherlands","28",9,9,22
"German Bundesliga","Moussa Diaby","Bayer Leverkusen","France","28",9,7,34
"German Bundesliga","Serge Gnabry","Bayern Munich","Germany","29",9,4,28
"German Bundesliga","Timo Werner","RB Leipzig","Germany","23",9,3,23
"Portuguese Primeira Liga","Galeno","FC Porto","Brazil","26",8,2,24
"Portuguese Primeira Liga","David Neres","Benfica","Brazil","26",6,6,14
"Portuguese Primeira Liga","Evanilson","FC Porto","Brazil","18",6,5,9
"Portuguese Primeira Liga","Rafa","Benfica","Portugal","23",6,4,21
