"Club","LeagueNameLong","Position","Points","MatchPlayed","Win","Draw","Lost","GoalScored","Conceded","GoalDiff.","LeagueNameShort","LeagueSeason","totalShots"
"1. FC Union Berlin","German Bundesliga",3,55,29,16,7,6,44,31,13,"Bundesliga","2022/23",0
"AC Ajaccio","French Ligue 1",19,22,32,6,4,22,22,58,-36,"Ligue-1","2022/23",0
"AC Milan","Italian Serie-A",4,56,31,16,8,7,51,37,14,"Serie-A","2022/23",445
"AFC Bournemouth","English Premier League",15,33,32,9,6,17,31,63,-32,"EPL","2022/23",0
"AJ Auxerre","French Ligue 1",14,33,32,8,9,15,30,53,-23,"Ligue-1","2022/23",0
"Ajax Amsterdam","Dutch Eredivisie",3,62,30,18,8,4,79,32,47,"Eredivisie","2022/23",514
"Almería","Spanish La Liga",15,33,31,9,6,16,38,53,-15,"La Liga","2022/23",0
"Angers","French Ligue 1",20,14,32,3,5,24,25,68,-43,"Ligue-1","2022/23",0
"Arouca","Portuguese Primeira Liga",5,48,29,13,9,7,33,33,0,"Primeira Liga","2022/23",0
"Arsenal","English Premier League",1,75,33,23,6,4,78,38,40,"EPL","2022/23",562
"AS Monaco","French Ligue 1",4,61,32,18,7,7,66,46,20,"Ligue-1","2022/23",0
"AS Roma","Italian Serie-A",5,56,31,17,5,9,43,29,14,"Serie-A","2022/23",347
"Aston Villa","English Premier League",5,54,33,16,6,11,46,41,5,"EPL","2022/23",0
"Atalanta","Italian Serie-A",7,52,31,15,7,9,51,36,15,"Serie-A","2022/23",0
"Athletic Club","Spanish La Liga",7,46,30,13,7,10,42,30,12,"La Liga","2022/23",0
"Atletico Madrid","Spanish La Liga",3,63,31,19,6,6,50,23,27,"La Liga","2022/23",416
"AZ Alkmaar","Dutch Eredivisie",4,60,30,18,6,6,59,32,27,"Eredivisie","2022/23",0
"Barcelona","Spanish La Liga",1,76,31,24,4,3,55,11,44,"La Liga","2022/23",440
"Bayer Leverkusen","German Bundesliga",6,47,29,14,5,10,53,41,12,"Bundesliga","2022/23",372
"Bayern Munich","German Bundesliga",2,59,29,17,8,4,79,33,46,"Bundesliga","2022/23",513
"Benfica","Portuguese Primeira Liga",1,74,29,24,2,3,69,17,52,"Primeira Liga","2022/23",434
"Boavista","Portuguese Primeira Liga",11,37,29,10,7,12,36,48,-12,"Primeira Liga","2022/23",0
"Bologna","Italian Serie-A",8,44,31,12,8,11,40,39,1,"Serie-A","2022/23",0
"Borussia Dortmund","German Bundesliga",1,60,29,19,3,7,66,39,27,"Bundesliga","2022/23",429
"Borussia Monchengladbach","German Bundesliga",10,36,29,9,9,11,43,46,-3,"Bundesliga","2022/23",0
"Braga","Portuguese Primeira Liga",3,68,29,22,2,5,62,24,38,"Primeira Liga","2022/23",0
"Brentford","English Premier League",9,47,33,11,14,8,50,43,7,"EPL","2022/23",0
"Brest","French Ligue 1",17,32,32,7,11,14,35,48,-13,"Ligue-1","2022/23",0
"Brighton & Hove Albion","English Premier League",8,49,30,14,7,9,55,40,15,"EPL","2022/23",0
"Cádiz","Spanish La Liga",16,32,31,7,11,13,23,43,-20,"La Liga","2022/23",0
"Casa Pia","Portuguese Primeira Liga",9,39,29,11,6,12,27,33,-6,"Primeira Liga","2022/23",0
"Celta Vigo","Spanish La Liga",12,39,31,10,9,12,37,42,-5,"La Liga","2022/23",0
"Chelsea","English Premier League",11,39,32,10,9,13,30,35,-5,"EPL","2022/23",390
"Clermont Foot","French Ligue 1",9,46,32,13,7,12,35,43,-8,"Ligue-1","2022/23",0
"Cremonese","Italian Serie-A",19,19,31,3,10,18,27,57,-30,"Serie-A","2022/23",0
"Crystal Palace","English Premier League",12,37,33,9,10,14,31,42,-11,"EPL","2022/23",0
"Eintracht Frankfurt","German Bundesliga",9,42,29,11,9,9,49,45,4,"Bundesliga","2022/23",0
"Elche","Spanish La Liga",20,13,31,2,7,22,20,62,-42,"La Liga","2022/23",0
"Empoli","Italian Serie-A",15,32,31,7,11,13,25,40,-15,"Serie-A","2022/23",0
"Espanyol","Spanish La Liga",19,28,30,6,10,14,35,49,-14,"La Liga","2022/23",0
"Estoril","Portuguese Primeira Liga",15,25,29,7,4,18,23,45,-22,"Primeira Liga","2022/23",0
"Everton","English Premier League",19,28,32,6,10,16,24,46,-22,"EPL","2022/23",0
"Excelsior","Dutch Eredivisie",16,28,30,8,4,18,27,66,-39,"Eredivisie","2022/23",0
"FC Augsburg","German Bundesliga",13,30,29,8,6,15,38,54,-16,"Bundesliga","2022/23",0
"FC Cologne","German Bundesliga",11,35,29,8,11,10,40,47,-7,"Bundesliga","2022/23",0
"FC Emmen","Dutch Eredivisie",15,28,30,6,10,14,29,51,-22,"Eredivisie","2022/23",0
"FC Famalicao","Portuguese Primeira Liga",6,42,29,13,3,13,33,37,-4,"Primeira Liga","2022/23",0
"FC Groningen","Dutch Eredivisie",17,17,30,4,5,21,28,60,-32,"Eredivisie","2022/23",0
"FC Porto","Portuguese Primeira Liga",2,70,29,22,4,3,62,19,43,"Primeira Liga","2022/23",426
"FC Twente","Dutch Eredivisie",6,52,30,14,10,6,51,26,25,"Eredivisie","2022/23",0
"FC Utrecht","Dutch Eredivisie",7,45,30,12,9,9,46,45,1,"Eredivisie","2022/23",0
"FC Volendam","Dutch Eredivisie",14,30,30,8,6,16,36,61,-25,"Eredivisie","2022/23",0
"Feyenoord Rotterdam","Dutch Eredivisie",1,73,30,22,7,1,73,28,45,"Eredivisie","2022/23",0
"Fiorentina","Italian Serie-A",10,42,31,11,9,11,37,36,1,"Serie-A","2022/23",0
"Fortuna Sittard","Dutch Eredivisie",12,32,30,9,5,16,35,56,-21,"Eredivisie","2022/23",0
"Fulham","English Premier League",10,45,32,13,6,13,44,43,1,"EPL","2022/23",0
"GD Chaves","Portuguese Primeira Liga",10,37,29,9,10,10,29,34,-5,"Primeira Liga","2022/23",0
"Getafe","Spanish La Liga",17,31,31,7,10,14,29,41,-12,"La Liga","2022/23",0
"Gil Vicente","Portuguese Primeira Liga",14,31,29,8,7,14,26,34,-8,"Primeira Liga","2022/23",0
"Girona","Spanish La Liga",10,41,31,11,8,12,48,45,3,"La Liga","2022/23",0
"Go Ahead Eagles","Dutch Eredivisie",11,36,30,9,9,12,42,50,-8,"Eredivisie","2022/23",0
"Guimaraes","Portuguese Primeira Liga",7,41,29,12,5,12,27,35,-8,"Primeira Liga","2022/23",0
"Heerenveen","Dutch Eredivisie",10,38,30,10,8,12,36,45,-9,"Eredivisie","2022/23",0
"Hellas Verona","Italian Serie-A",18,26,31,6,8,17,26,44,-18,"Serie-A","2022/23",0
"Hertha Berlin","German Bundesliga",18,22,29,5,7,17,35,59,-24,"Bundesliga","2022/23",0
"Internazionale","Italian Serie-A",6,54,31,17,3,11,51,34,17,"Serie-A","2022/23",502
"Juventus","Italian Serie-A",3,59,31,18,5,8,47,26,21,"Serie-A","2022/23",395
"Lazio","Italian Serie-A",2,61,31,18,7,6,49,21,28,"Serie-A","2022/23",0
"Lecce","Italian Serie-A",16,28,31,6,10,15,26,38,-12,"Serie-A","2022/23",0
"Leeds United","English Premier League",16,30,33,7,9,17,42,63,-21,"EPL","2022/23",0
"Leicester City","English Premier League",18,29,33,8,5,20,44,57,-13,"EPL","2022/23",0
"Lens","French Ligue 1",3,66,32,19,9,4,54,25,29,"Ligue-1","2022/23",0
"Lille","French Ligue 1",5,56,32,16,8,8,57,40,17,"Ligue-1","2022/23",0
"Liverpool","English Premier League",6,53,32,15,8,9,61,39,22,"EPL","2022/23",486
"Lorient","French Ligue 1",11,45,32,12,9,11,43,44,-1,"Ligue-1","2022/23",0
"Lyon","French Ligue 1",7,50,32,14,8,10,50,36,14,"Ligue-1","2022/23",311
"Mainz","German Bundesliga",7,45,29,12,9,8,49,40,9,"Bundesliga","2022/23",0
"Mallorca","Spanish La Liga",11,40,31,11,7,13,30,34,-4,"La Liga","2022/23",0
"Manchester City","English Premier League",2,73,31,23,4,4,82,29,53,"EPL","2022/23",472
"Manchester United","English Premier League",4,59,30,18,5,7,46,37,9,"EPL","2022/23",409
"Maritimo","Portuguese Primeira Liga",16,22,29,6,4,19,26,54,-28,"Primeira Liga","2022/23",0
"Marseille","French Ligue 1",2,67,32,20,7,5,59,31,28,"Ligue-1","2022/23",435
"Montpellier","French Ligue 1",13,40,32,12,4,16,48,52,-4,"Ligue-1","2022/23",0
"Monza","Italian Serie-A",12,41,31,11,8,12,38,43,-5,"Serie-A","2022/23",0
"Nantes","French Ligue 1",16,32,32,6,14,12,35,46,-11,"Ligue-1","2022/23",0
"Napoli","Italian Serie-A",1,78,31,25,3,3,67,21,46,"Serie-A","2022/23",485
"NEC Nijmegen","Dutch Eredivisie",8,38,30,8,14,8,39,34,5,"Eredivisie","2022/23",0
"Newcastle United","English Premier League",3,59,31,16,11,4,54,25,29,"EPL","2022/23",443
"Nice","French Ligue 1",10,45,32,11,12,9,39,31,8,"Ligue-1","2022/23",0
"Nottingham Forest","English Premier League",17,30,33,7,9,17,29,60,-31,"EPL","2022/23",0
"Osasuna","Spanish La Liga",8,44,31,12,8,11,29,32,-3,"La Liga","2022/23",0
"Paços de Ferreira","Portuguese Primeira Liga",17,17,29,4,5,20,21,51,-30,"Primeira Liga","2022/23",0
"Paris Saint-Germain","French Ligue 1",1,75,32,24,3,5,75,31,44,"Ligue-1","2022/23",460
"Portimonense","Portuguese Primeira Liga",13,33,29,10,3,16,22,35,-13,"Primeira Liga","2022/23",0
"PSV Eindhoven","Dutch Eredivisie",2,65,30,20,5,5,81,35,46,"Eredivisie","2022/23",0
"Rayo Vallecano","Spanish La Liga",9,43,31,11,10,10,38,37,1,"La Liga","2022/23",0
"RB Leipzig","German Bundesliga",5,51,29,15,6,8,53,37,16,"Bundesliga","2022/23",416
"Real Betis","Spanish La Liga",5,49,31,14,7,10,39,33,6,"La Liga","2022/23",333
"Real Madrid","Spanish La Liga",2,65,31,20,5,6,65,28,37,"La Liga","2022/23",550
"Real Sociedad","Spanish La Liga",4,55,31,16,7,8,39,29,10,"La Liga","2022/23",368
"Real Valladolid","Spanish La Liga",14,35,30,10,5,15,26,48,-22,"La Liga","2022/23",0
"Rio Ave","Portuguese Primeira Liga",12,35,29,9,8,12,30,35,-5,"Primeira Liga","2022/23",0
"RKC Waalwijk","Dutch Eredivisie",9,38,30,10,8,12,46,52,-6,"Eredivisie","2022/23",0
"Salernitana","Italian Serie-A",14,33,31,7,12,12,37,50,-13,"Serie-A","2022/23",0
"Sampdoria","Italian Serie-A",20,17,31,3,8,20,20,52,-32,"Serie-A","2022/23",0
"Santa Clara","Portuguese Primeira Liga",18,16,29,3,7,19,19,45,-26,"Primeira Liga","2022/23",0
"Sassuolo","Italian Serie-A",13,40,31,11,7,13,38,46,-8,"Serie-A","2022/23",0
"SC Cambuur","Dutch Eredivisie",18,16,30,4,4,22,21,60,-39,"Eredivisie","2022/23",0
"SC Freiburg","German Bundesliga",4,53,29,15,8,6,45,37,8,"Bundesliga","2022/23",0
"Schalke 04","German Bundesliga",17,24,29,5,9,15,26,56,-30,"Bundesliga","2022/23",0
"Sevilla","Spanish La Liga",13,38,30,10,8,12,37,45,-8,"La Liga","2022/23",0
"Southampton","English Premier League",20,24,32,6,6,20,27,56,-29,"EPL","2022/23",0
"Sparta Rotterdam","Dutch Eredivisie",5,53,30,15,8,7,50,33,17,"Eredivisie","2022/23",0
"Spezia","Italian Serie-A",17,27,31,5,12,14,26,49,-23,"Serie-A","2022/23",0
"Sporting CP","Portuguese Primeira Liga",4,61,29,19,4,6,59,27,32,"Primeira Liga","2022/23",0
"Stade de Reims","French Ligue 1",8,47,32,11,14,7,40,34,6,"Ligue-1","2022/23",0
"Stade Rennais","French Ligue 1",6,53,32,16,5,11,51,34,17,"Ligue-1","2022/23",0
"Strasbourg","French Ligue 1",15,32,32,7,11,14,43,53,-10,"Ligue-1","2022/23",0
"Torino","Italian Serie-A",11,42,31,11,9,11,32,36,-4,"Serie-A","2022/23",0
"Tottenham Hotspur","English Premier League",7,53,32,16,5,11,58,51,7,"EPL","2022/23",420
"Toulouse","French Ligue 1",12,41,32,12,5,15,48,54,-6,"Ligue-1","2022/23",0
"Troyes","French Ligue 1",18,22,32,4,10,18,41,69,-28,"Ligue-1","2022/23",0
"TSG Hoffenheim","German Bundesliga",14,29,29,8,5,16,39,50,-11,"Bundesliga","2022/23",0
"Udinese","Italian Serie-A",9,42,31,10,12,9,42,39,3,"Serie-A","2022/23",0
"Valencia","Spanish La Liga",18,30,30,8,6,16,32,36,-4,"La Liga","2022/23",0
"VfB Stuttgart","German Bundesliga",16,25,29,5,10,14,36,51,-15,"Bundesliga","2022/23",0
"VfL Bochum","German Bundesliga",15,27,29,8,3,18,32,66,-34,"Bundesliga","2022/23",0
"VfL Wolfsburg","German Bundesliga",8,43,29,11,10,8,51,37,14,"Bundesliga","2022/23",0
"Villarreal","Spanish La Liga",6,47,30,14,5,11,39,30,9,"La Liga","2022/23",0
"Vitesse","Dutch Eredivisie",13,31,30,7,10,13,36,48,-12,"Eredivisie","2022/23",0
"Vizela","Portuguese Primeira Liga",8,39,29,11,6,12,32,30,2,"Primeira Liga","2022/23",0
"Werder Bremen","German Bundesliga",12,35,29,10,5,14,47,56,-9,"Bundesliga","2022/23",0
"West Ham United","English Premier League",14,34,32,9,7,16,34,43,-9,"EPL","2022/23",0
"Wolverhampton Wanderers","English Premier League",13,37,33,10,7,16,29,44,-15,"EPL","2022/23",0
